{"'80s": 1, "000": 1, "10": 1, "115": 1, "118": 1, "120": 1, "130": 1, "135": 1, "137": 1, "139": 1, "140": 1, "147": 1, "150": 1, "160": 1, "20": 2, "3": 1, "39-year-old": 1, "4.5": 1, "90": 1, "a": 29, "abba": 1, "about": 1, "activities": 1, "administering": 1, "aesthetic": 1, "allison": 1, "also": 2, "amateur": 1, "american": 1, "an": 5, "and": 15, "appreciation": 1, "approach": 1, "are": 4, "around": 3, "as": 4, "ask": 1, "associate": 1, "at": 3, "average": 1, "b.p.m": 9, "bars": 1, "basis": 1, "be": 3, "beats-per-minute": 1, "because": 1, "been": 2, "before": 1, "being": 1, "between": 1, "black": 1, "both": 1, "brightside": 1, "brunel": 2, "but": 1, "by": 9, "can": 2, "cardio": 1, "casual": 1, "catchy": 1, "cd": 1, "celebrities": 1, "certain": 1, "chooses": 1, "choosing": 1, "classic": 1, "coach": 1, "coincides": 1, "commercial": 1, "company": 1, "compilations": 1, "consistency": 1, "contain": 1, "context": 1, "corresponds": 1, "costas": 1, "count": 3, "course": 1, "created": 1, "d.j": 1, "dance": 3, "dancing": 1, "day": 3, "decade": 1, "decades": 1, "demographics": 1, "develop": 1, "different": 1, "digger": 1, "distraction": 1, "doesn't": 1, "dogg": 1, "don't": 1, "dr": 4, "drop": 1, "during": 3, "effective": 2, "effects": 1, "elements": 1, "elevates": 1, "elliptical": 1, "england": 1, "enthusiasts": 1, "ethiopia": 1, "exercise": 5, "exerciser": 1, "experience": 1, "eyed": 1, "fatigue": 1, "favorite": 2, "features": 1, "fitness": 3, "fitnessmagazine.com": 1, "fixation": 1, "for": 12, "former": 1, "found": 1, "founder": 1, "four": 1, "frey's": 1, "from": 4, "gebrselassie": 1, "generally": 1, "glenn": 1, "go-go": 1, "going": 2, "gold": 2, "goldberg": 2, "green": 2, "haile": 1, "hard": 1, "has": 8, "have": 3, "he": 4, "headphones": 1, "heart": 2, "heat": 1, "her": 3, "high": 1, "high-intensity": 1, "his": 1, "hit": 1, "hot": 1, "hour": 1, "houston": 1, "idiosyncratic": 1, "idiot": 1, "immodestly": 1, "important": 1, "improve": 1, "in": 4, "includes": 2, "instructors": 1, "inventory": 1, "is": 10, "it": 3, "it's": 1, "its": 1, "kanye": 1, "karageorghis": 4, "killers": 1, "leads": 1, "level": 1, "life": 1, "like": 3, "listen": 1, "listening": 2, "lives": 1, "longer": 1, "love": 1, "m.p.h": 1, "magazines": 1, "making": 1, "many": 1, "marathon": 1, "may": 1, "maybe": 1, "me": 1, "medal": 1, "melody": 1, "meters": 1, "metronomic": 1, "miles": 1, "minutes": 1, "more": 3, "most": 3, "motivational": 2, "motivator": 1, "mr": 2, "ms": 1, "music": 12, "musical": 1, "my": 1, "near": 1, "nearly": 1, "negatives": 1, "no": 1, "not": 1, "of": 16, "often": 1, "olympian": 1, "on": 8, "one": 1, "onto": 1, "or": 2, "others": 1, "over": 1, "own": 1, "pace": 3, "panels": 1, "peas": 1, "people": 2, "performance": 1, "person": 1, "person's": 1, "petty": 2, "phunk": 1, "physical": 2, "pick": 1, "played": 1, "players": 1, "playlist": 3, "playlists": 1, "pop": 1, "portable": 1, "power": 2, "preferences": 1, "presenting": 1, "produced": 1, "produces": 1, "professor": 1, "psychology": 1, "push": 1, "qualities": 2, "queen": 1, "questionnaire": 2, "race": 1, "races": 1, "range": 3, "rate": 3, "rating": 1, "readers": 1, "recommending": 1, "reliably": 1, "remix": 2, "remixed": 1, "representing": 1, "requested": 1, "results": 1, "reveals": 1, "richard": 1, "rihanna": 2, "rock": 2, "roughly": 1, "routine": 1, "routines": 1, "rule": 1, "run": 2, "runner": 2, "runners": 1, "running": 1, "said": 6, "salt-n-pepa": 1, "same": 1, "say": 2, "scatman": 1, "science": 1, "scientific": 1, "seconds": 1, "seems": 1, "self.com": 1, "she": 2, "short-shorts": 1, "should": 1, "shown": 1, "singer": 1, "sites": 1, "slow": 1, "snoop": 1, "so": 1, "something": 1, "song": 4, "song's": 1, "songs": 3, "sound": 1, "soundtrack": 1, "speaking": 1, "sport": 2, "star": 1, "stroll": 1, "studied": 1, "studies": 1, "style": 1, "suggested": 1, "suggestions": 1, "sunday": 1, "system": 1, "tailored": 1, "takes": 1, "techno": 1, "tempo": 2, "terms": 1, "texas": 1, "than": 2, "that": 10, "the": 29, "their": 2, "there": 1, "there's": 1, "though": 1, "to": 19, "track": 1, "trainer": 1, "training": 1, "treadmill": 1, "two": 1, "type": 1, "umbrella": 1, "university": 1, "up": 2, "used": 1, "using": 1, "various": 1, "video": 1, "vigorously": 1, "wake": 1, "walker": 2, "warrior": 1, "was": 1, "way": 1, "web": 1, "west": 1, "wham": 1, "when": 1, "which": 4, "while": 2, "who": 7, "whose": 1, "with": 3, "won": 1, "workout": 7, "years": 1, "you": 3}